Ride ID,Request Time,Pickup Location,Latitude Pickup,Longitude Pickup,Dropoff Location,Latitude Dropoff,Longtitude Dropoff,Ride Distance (in miles),Fare Amount (in $),Payment Method,Driver ID,Vehicle Type,Traffic Condition,Peak Hours,Day of Week,User Rating
1,5/18/22 3:49,"-1.369379,154.193063",-1.369379,154.193063,"30.877879,-46.862575",30.877879,-46.862575,7022.069283,722.21,PayPal,CV5232,Sedan,Medium,Yes,Wednesday,4
2,5/10/23 13:27,"50.81867,11.962034",50.81867,11.962034,"-30.319864,-88.266464",-30.319864,-88.266464,4197.459385,439.75,PayPal,PG1364,SUV,Medium,Yes,Saturday,2
3,1/21/24 14:12,"-31.012035,151.282883",-31.012035,151.282883,"51.650634,-171.505284",51.650634,-171.505284,5009.328711,520.93,Debit Card,WH4600,Sedan,Low,No,Monday,1
4,6/4/22 17:00,"-77.187995,101.68942",-77.187995,101.68942,"-51.271029,-112.905338",-51.271029,-112.905338,11572.54674,1177.25,Apple Pay,CX2751,SUV,High,No,Friday,3
5,3/24/22 10:17,"-54.567614,-88.054506",-54.567614,-88.054506,"-82.622689,6.226436",-82.622689,6.226436,2448.800085,264.88,PayPal,WP6729,SUV,Low,Yes,Thursday,4
6,7/14/22 23:54,"35.756224,-98.198843",35.756224,-98.198843,"-83.437461,72.576065",-83.437461,72.576065,8167.694418,836.77,Visa,TA9507,Motorcycle,Low,No,Saturday,3
7,2/27/22 8:44,"79.192039,-149.148325",79.192039,-149.148325,"33.811995,102.982494",33.811995,102.982494,8576.56662,877.66,Cash,JC9570,Motorcycle,Low,Yes,Wednesday,1
8,11/24/22 7:03,"45.470063,133.722843",45.470063,133.722843,"-43.191115,-59.819471",-43.191115,-59.819471,6017.737907,621.77,Cash,AG7372,SUV,Medium,Yes,Wednesday,5
9,1/14/22 9:52,"-14.625118,168.270182",-14.625118,168.270182,"72.028379,56.749153",72.028379,56.749153,11390.60245,1159.06,Visa,OC1811,Bus,Low,Yes,Sunday,4
10,2/11/24 4:07,"-19.551842,-89.323869",-19.551842,-89.323869,"-32.143283,137.954972",-32.143283,137.954972,4913.82354,511.38,PayPal,CY2880,Sedan,Low,No,Monday,2
11,12/28/24 17:14,"19.013028,68.535171",19.013028,68.535171,"69.618467,166.179833",69.618467,166.179833,5162.484845,536.25,PayPal,HV2517,Motorcycle,Low,Yes,Tuesday,5
12,8/6/22 22:41,"-67.11089,-153.216366",-67.11089,-153.216366,"46.123977,174.905079",46.123977,174.905079,3507.13582,370.71,PayPal,RN0936,Motorcycle,High,No,Monday,3
13,9/30/22 10:44,"-72.934673,-61.298891",-72.934673,-61.298891,"-26.511642,-105.31557",-26.511642,-105.31557,2074.0657,227.41,Visa,TE2220,Bus,High,No,Wednesday,3
14,3/20/23 12:07,"-30.631605,47.469302",-30.631605,47.469302,"-1.658204,-155.145807",-1.658204,-155.145807,10615.60591,1081.56,Apple Pay,EH2928,Bus,Low,Yes,Monday,3
15,3/26/24 17:44,"8.675953,-70.786208",8.675953,-70.786208,"-27.461206,-129.308589",-27.461206,-129.308589,7053.310744,725.33,Debit Card,AP3875,Motorcycle,Low,No,Friday,4
16,3/13/22 8:47,"78.291328,-7.838443",78.291328,-7.838443,"-30.137409,-138.610011",-30.137409,-138.610011,7004.818034,720.48,Debit Card,MA3932,Sedan,Low,Yes,Thursday,1
17,3/12/24 8:20,"57.77988,-148.938382",57.77988,-148.938382,"32.111914,-105.743717",32.111914,-105.743717,6606.849528,680.68,Visa,UN8446,Bus,High,Yes,Thursday,2
18,12/15/22 15:55,"-23.602447,-123.909149",-23.602447,-123.909149,"73.234202,-117.152837",73.234202,-117.152837,2305.882523,250.59,Visa,GW0500,Sedan,High,No,Thursday,1
19,8/18/24 21:59,"47.236091,105.672902",47.236091,105.672902,"-5.092338,-28.966357",-5.092338,-28.966357,3964.50042,416.45,Apple Pay,AZ8041,Sedan,High,No,Sunday,2
20,7/13/24 9:09,"18.53548,84.554332",18.53548,84.554332,"-29.401061,9.007018",-29.401061,9.007018,4645.721442,484.57,PayPal,XO5724,SUV,Low,Yes,Sunday,1
21,7/22/23 7:29,"-39.224903,-53.868025",-39.224903,-53.868025,"-13.746849,-86.931218",-13.746849,-86.931218,3454.39589,365.44,Visa,CB8894,Bus,Low,Yes,Sunday,1
22,3/24/24 23:22,"81.330887,175.914127",81.330887,175.914127,"20.922223,-179.7383",20.922223,-179.7383,5376.649017,557.66,Apple Pay,FL0729,Bus,Medium,Yes,Friday,1
23,9/13/24 6:43,"35.950052,-132.157729",35.950052,-132.157729,"-88.280146,95.25794",-88.280146,95.25794,5793.971048,599.40,Visa,FS9385,Sedan,High,Yes,Tuesday,2
24,12/30/23 8:48,"-77.321457,112.061006",-77.321457,112.061006,"-55.837104,166.68245",-55.837104,166.68245,10192.16026,1039.22,Debit Card,UB9840,SUV,Medium,Yes,Monday,4
25,1/2/22 14:51,"-29.772232,92.42029",-29.772232,92.42029,"2.507368,87.421272",2.507368,87.421272,8288.785052,848.88,Debit Card,FK4379,Motorcycle,Low,Yes,Monday,1
26,6/19/23 19:11,"8.163797,-122.778014",8.163797,-122.778014,"33.36709,35.961147",33.36709,35.961147,9044.885671,924.49,Visa,VE7676,Sedan,Medium,No,Thursday,4
27,7/26/22 14:50,"-6.526635,-135.466299",-6.526635,-135.466299,"-55.403529,-83.021693",-55.403529,-83.021693,8513.966076,871.40,Cash,UV4820,Bus,Low,No,Wednesday,2
28,5/14/22 22:23,"-8.818403,153.050688",-8.818403,153.050688,"69.272335,-114.443305",69.272335,-114.443305,2483.976883,268.40,Visa,YX6867,Sedan,High,No,Wednesday,2
29,12/23/24 3:00,"35.953016,-70.743109",35.953016,-70.743109,"84.008188,91.209354",84.008188,91.209354,7381.151529,758.12,Debit Card,QM3102,SUV,Low,Yes,Monday,5
30,6/18/24 9:05,"-80.434561,-104.9191",-80.434561,-104.9191,"51.681477,-102.038294",51.681477,-102.038294,525.1356553,72.51,Visa,UN8110,SUV,Medium,No,Monday,1
31,6/8/22 22:40,"83.04141,-95.135717",83.04141,-95.135717,"81.660976,42.220513",81.660976,42.220513,12132.07568,1233.21,Visa,RH1044,SUV,High,No,Tuesday,2
32,5/12/24 22:28,"71.968731,-52.504947",71.968731,-52.504947,"-51.114026,77.013101",-51.114026,77.013101,10402.49829,1060.25,Visa,KK4244,Bus,High,Yes,Sunday,1
33,1/19/24 2:41,"62.776396,137.607681",62.776396,137.607681,"-64.41479,1.12603",-64.41479,1.12603,4328.040166,452.80,Cash,RA8465,Sedan,Low,Yes,Wednesday,1
34,11/21/24 2:48,"-52.645156,-33.861284",-52.645156,-33.861284,"23.299804,-123.841807",23.299804,-123.841807,6140.901581,634.09,Debit Card,QN1669,Sedan,Medium,No,Thursday,4
35,9/14/24 15:49,"78.82259,-159.885567",78.82259,-159.885567,"44.402478,-137.929117",44.402478,-137.929117,6836.913308,703.69,Apple Pay,IO9303,Bus,Low,No,Friday,4
36,6/15/24 22:54,"15.766006,-24.915423",15.766006,-24.915423,"40.0737,-126.361096",40.0737,-126.361096,11356.20621,1155.62,Debit Card,ZA7068,Motorcycle,Medium,No,Thursday,2
37,11/19/24 2:18,"18.874768,123.622691",18.874768,123.622691,"68.17103,85.272146",68.17103,85.272146,7143.28175,734.33,Debit Card,XH6044,Sedan,Low,No,Thursday,5
38,5/17/23 18:52,"-26.042552,147.280166",-26.042552,147.280166,"45.634873,-140.621371",45.634873,-140.621371,4081.150487,428.12,Debit Card,WE1243,Sedan,Medium,No,Sunday,2
39,3/2/23 7:22,"-64.541082,-165.117173",-64.541082,-165.117173,"-47.428996,91.207772",-47.428996,91.207772,3942.96117,414.30,Apple Pay,EW0106,Sedan,Low,Yes,Tuesday,4
40,4/26/23 3:36,"70.40093,79.732586",70.40093,79.732586,"14.141912,38.227772",14.141912,38.227772,761.4507655,96.15,Apple Pay,UZ7463,Bus,Medium,No,Sunday,4
41,8/3/24 5:57,"-5.036999,-1.723657",-5.036999,-1.723657,"-87.931139,35.026924",-87.931139,35.026924,8472.619867,867.26,Visa,ET1257,Sedan,Low,Yes,Thursday,5
42,3/29/23 17:04,"17.418789,136.873832",17.418789,136.873832,"-81.202445,54.262182",-81.202445,54.262182,3143.25414,334.33,Debit Card,RZ5497,Bus,Low,No,Tuesday,5
43,3/22/22 1:05,"-7.138452,53.881579",-7.138452,53.881579,"65.353594,-150.865729",65.353594,-150.865729,8630.778539,883.08,Apple Pay,AE4189,SUV,Low,No,Sunday,1
44,9/7/24 1:17,"44.3589,-73.236054",44.3589,-73.236054,"69.0239,87.939088",69.0239,87.939088,8175.439318,837.54,Cash,QH9822,Sedan,High,No,Monday,4
45,6/29/22 18:50,"-7.623799,84.06179",-7.623799,84.06179,"79.517441,-17.381315",79.517441,-17.381315,6791.959722,699.20,PayPal,JC7826,Bus,Medium,Yes,Thursday,3
46,10/29/23 22:39,"45.577401,-46.842035",45.577401,-46.842035,"-37.143262,-96.111261",-37.143262,-96.111261,7318.306383,751.83,Visa,VA4157,Bus,Low,Yes,Monday,3
47,7/13/24 22:34,"-40.603399,-48.895647",-40.603399,-48.895647,"-72.617123,-65.62316",-72.617123,-65.62316,667.2392479,86.72,Debit Card,SS5794,Bus,Medium,Yes,Monday,3
48,11/13/23 14:48,"-72.378505,130.517214",-72.378505,130.517214,"-78.619499,-108.075578",-78.619499,-108.075578,10614.09371,1081.41,Cash,ED1482,Bus,High,No,Thursday,1
49,12/20/24 20:26,"-48.313033,-48.222289",-48.313033,-48.222289,"-9.801328,-79.514142",-9.801328,-79.514142,3090.130485,329.01,Cash,GW2787,Sedan,Medium,No,Sunday,5
50,3/11/23 0:06,"-32.204555,-28.226501",-32.204555,-28.226501,"4.195743,12.143385",4.195743,12.143385,548.1622028,74.82,Cash,YD4824,SUV,High,Yes,Saturday,4
,,,,,,,,,,,,,,,,
,,,,,,,,,,,,,,,,
,,,,,,,,,,,,,,,,
,,,,,,,,,,,,,,,,
,,,,,,,,,,,,,,,,
,,,,,,,,,,,,,,,,
,,,,,,,,,,,,,,,,
,,,,,,,,,,,,,,,,
,,,,,,,,,,,,,,,,
,,,,,,,,,,,,,,,,
,,,,,,,,,,,,,,,,
,,,,,,,,,,,,,,,,
,,,,,,,,,,,,,,,,
,,,,,,,,,,,,,,,,
,,,,,,,,,,,,,,,,
,,,,,,,,,,,,,,,,
,,,,,,,,,,,,,,,,
,,,,,,,,,,,,,,,,
,,,,,,,,,,,,,,,,
,,,,,,,,,,,,,,,,
,,,,,,,,,,,,,,,,
,,,,,,,,,,,,,,,,
,,,,,,,,,,,,,,,,
,,,,,,,,,,,,,,,,
,,,,,,,,,,,,,,,,
,,,,,,,,,,,,,,,,
,,,,,,,,,,,,,,,,
,,,,,,,,,,,,,,,,
,,,,,,,,,,,,,,,,
,,,,,,,,,,,,,,,,
,,,,,,,,,,,,,,,,
,,,,,,,,,,,,,,,,
,,,,,,,,,,,,,,,,
,,,,,,,,,,,,,,,,
,,,,,,,,,,,,,,,,
,,,,,,,,,,,,,,,,
,,,,,,,,,,,,,,,,
,,,,,,,,,,,,,,,,
,,,,,,,,,,,,,,,,
,,,,,,,,,,,,,,,,
,,,,,,,,,,,,,,,,
,,,,,,,,,,,,,,,,
,,,,,,,,,,,,,,,,
,,,,,,,,,,,,,,,,
,,,,,,,,,,,,,,,,
,,,,,,,,,,,,,,,,
,,,,,,,,,,,,,,,,
,,,,,,,,,,,,,,,,
,,,,,,,,,,,,,,,,
,,,,,,,,,,,,,,,,
,,,,,,,,,,,,,,,,
,,,,,,,,,,,,,,,,
,,,,,,,,,,,,,,,,
,,,,,,,,,,,,,,,,
,,,,,,,,,,,,,,,,
,,,,,,,,,,,,,,,,
,,,,,,,,,,,,,,,,
,,,,,,,,,,,,,,,,
,,,,,,,,,,,,,,,,
,,,,,,,,,,,,,,,,
,,,,,,,,,,,,,,,,
,,,,,,,,,,,,,,,,
,,,,,,,,,,,,,,,,
,,,,,,,,,,,,,,,,
,,,,,,,,,,,,,,,,
,,,,,,,,,,,,,,,,
,,,,,,,,,,,,,,,,
,,,,,,,,,,,,,,,,
,,,,,,,,,,,,,,,,
,,,,,,,,,,,,,,,,
,,,,,,,,,,,,,,,,
,,,,,,,,,,,,,,,,
,,,,,,,,,,,,,,,,
,,,,,,,,,,,,,,,,
,,,,,,,,,,,,,,,,
,,,,,,,,,,,,,,,,
,,,,,,,,,,,,,,,,
,,,,,,,,,,,,,,,,
,,,,,,,,,,,,,,,,
,,,,,,,,,,,,,,,,
,,,,,,,,,,,,,,,,
,,,,,,,,,,,,,,,,
,,,,,,,,,,,,,,,,
,,,,,,,,,,,,,,,,
,,,,,,,,,,,,,,,,
,,,,,,,,,,,,,,,,
,,,,,,,,,,,,,,,,
,,,,,,,,,,,,,,,,
,,,,,,,,,,,,,,,,
,,,,,,,,,,,,,,,,
,,,,,,,,,,,,,,,,
,,,,,,,,,,,,,,,,
,,,,,,,,,,,,,,,,
,,,,,,,,,,,,,,,,
,,,,,,,,,,,,,,,,
,,,,,,,,,,,,,,,,
,,,,,,,,,,,,,,,,
,,,,,,,,,,,,,,,,
,,,,,,,,,,,,,,,,
,,,,,,,,,,,,,,,,
,,,,,,,,,,,,,,,,
,,,,,,,,,,,,,,,,
,,,,,,,,,,,,,,,,
,,,,,,,,,,,,,,,,
,,,,,,,,,,,,,,,,
,,,,,,,,,,,,,,,,
,,,,,,,,,,,,,,,,
,,,,,,,,,,,,,,,,
,,,,,,,,,,,,,,,,
,,,,,,,,,,,,,,,,
,,,,,,,,,,,,,,,,
,,,,,,,,,,,,,,,,
,,,,,,,,,,,,,,,,
,,,,,,,,,,,,,,,,
,,,,,,,,,,,,,,,,
,,,,,,,,,,,,,,,,
,,,,,,,,,,,,,,,,
,,,,,,,,,,,,,,,,
,,,,,,,,,,,,,,,,
,,,,,,,,,,,,,,,,
,,,,,,,,,,,,,,,,
,,,,,,,,,,,,,,,,
,,,,,,,,,,,,,,,,
,,,,,,,,,,,,,,,,
,,,,,,,,,,,,,,,,
,,,,,,,,,,,,,,,,
,,,,,,,,,,,,,,,,
,,,,,,,,,,,,,,,,
,,,,,,,,,,,,,,,,
,,,,,,,,,,,,,,,,
,,,,,,,,,,,,,,,,
,,,,,,,,,,,,,,,,
,,,,,,,,,,,,,,,,
,,,,,,,,,,,,,,,,
,,,,,,,,,,,,,,,,
,,,,,,,,,,,,,,,,
,,,,,,,,,,,,,,,,
,,,,,,,,,,,,,,,,
,,,,,,,,,,,,,,,,
,,,,,,,,,,,,,,,,
,,,,,,,,,,,,,,,,
,,,,,,,,,,,,,,,,
,,,,,,,,,,,,,,,,
,,,,,,,,,,,,,,,,
,,,,,,,,,,,,,,,,
,,,,,,,,,,,,,,,,
,,,,,,,,,,,,,,,,
,,,,,,,,,,,,,,,,
,,,,,,,,,,,,,,,,
,,,,,,,,,,,,,,,,
,,,,,,,,,,,,,,,,
,,,,,,,,,,,,,,,,
,,,,,,,,,,,,,,,,
,,,,,,,,,,,,,,,,
,,,,,,,,,,,,,,,,
,,,,,,,,,,,,,,,,
,,,,,,,,,,,,,,,,
,,,,,,,,,,,,,,,,
,,,,,,,,,,,,,,,,
,,,,,,,,,,,,,,,,
,,,,,,,,,,,,,,,,
,,,,,,,,,,,,,,,,
,,,,,,,,,,,,,,,,
,,,,,,,,,,,,,,,,
,,,,,,,,,,,,,,,,
,,,,,,,,,,,,,,,,
,,,,,,,,,,,,,,,,
,,,,,,,,,,,,,,,,
,,,,,,,,,,,,,,,,
,,,,,,,,,,,,,,,,
,,,,,,,,,,,,,,,,
,,,,,,,,,,,,,,,,
,,,,,,,,,,,,,,,,
,,,,,,,,,,,,,,,,
,,,,,,,,,,,,,,,,
,,,,,,,,,,,,,,,,
,,,,,,,,,,,,,,,,
,,,,,,,,,,,,,,,,
,,,,,,,,,,,,,,,,
,,,,,,,,,,,,,,,,
,,,,,,,,,,,,,,,,
,,,,,,,,,,,,,,,,
,,,,,,,,,,,,,,,,
,,,,,,,,,,,,,,,,
,,,,,,,,,,,,,,,,
,,,,,,,,,,,,,,,,
,,,,,,,,,,,,,,,,
,,,,,,,,,,,,,,,,
,,,,,,,,,,,,,,,,
,,,,,,,,,,,,,,,,
,,,,,,,,,,,,,,,,
,,,,,,,,,,,,,,,,
,,,,,,,,,,,,,,,,
,,,,,,,,,,,,,,,,
,,,,,,,,,,,,,,,,
,,,,,,,,,,,,,,,,
,,,,,,,,,,,,,,,,
,,,,,,,,,,,,,,,,
,,,,,,,,,,,,,,,,
,,,,,,,,,,,,,,,,
,,,,,,,,,,,,,,,,
,,,,,,,,,,,,,,,,
,,,,,,,,,,,,,,,,
,,,,,,,,,,,,,,,,
,,,,,,,,,,,,,,,,
,,,,,,,,,,,,,,,,
,,,,,,,,,,,,,,,,
,,,,,,,,,,,,,,,,
,,,,,,,,,,,,,,,,
,,,,,,,,,,,,,,,,
,,,,,,,,,,,,,,,,
,,,,,,,,,,,,,,,,
,,,,,,,,,,,,,,,,
,,,,,,,,,,,,,,,,
,,,,,,,,,,,,,,,,
,,,,,,,,,,,,,,,,
,,,,,,,,,,,,,,,,
,,,,,,,,,,,,,,,,
,,,,,,,,,,,,,,,,
,,,,,,,,,,,,,,,,
,,,,,,,,,,,,,,,,
,,,,,,,,,,,,,,,,
,,,,,,,,,,,,,,,,
,,,,,,,,,,,,,,,,
,,,,,,,,,,,,,,,,
,,,,,,,,,,,,,,,,
,,,,,,,,,,,,,,,,
,,,,,,,,,,,,,,,,
,,,,,,,,,,,,,,,,
,,,,,,,,,,,,,,,,
,,,,,,,,,,,,,,,,
,,,,,,,,,,,,,,,,
,,,,,,,,,,,,,,,,
,,,,,,,,,,,,,,,,
,,,,,,,,,,,,,,,,
,,,,,,,,,,,,,,,,
,,,,,,,,,,,,,,,,
,,,,,,,,,,,,,,,,
,,,,,,,,,,,,,,,,
,,,,,,,,,,,,,,,,
,,,,,,,,,,,,,,,,
,,,,,,,,,,,,,,,,
,,,,,,,,,,,,,,,,
,,,,,,,,,,,,,,,,
,,,,,,,,,,,,,,,,
,,,,,,,,,,,,,,,,
,,,,,,,,,,,,,,,,
,,,,,,,,,,,,,,,,
,,,,,,,,,,,,,,,,
,,,,,,,,,,,,,,,,
,,,,,,,,,,,,,,,,
,,,,,,,,,,,,,,,,
,,,,,,,,,,,,,,,,
,,,,,,,,,,,,,,,,
,,,,,,,,,,,,,,,,
,,,,,,,,,,,,,,,,
,,,,,,,,,,,,,,,,
,,,,,,,,,,,,,,,,
,,,,,,,,,,,,,,,,
,,,,,,,,,,,,,,,,
,,,,,,,,,,,,,,,,
,,,,,,,,,,,,,,,,
,,,,,,,,,,,,,,,,
,,,,,,,,,,,,,,,,
,,,,,,,,,,,,,,,,
,,,,,,,,,,,,,,,,
,,,,,,,,,,,,,,,,
,,,,,,,,,,,,,,,,
,,,,,,,,,,,,,,,,
,,,,,,,,,,,,,,,,
,,,,,,,,,,,,,,,,
,,,,,,,,,,,,,,,,
,,,,,,,,,,,,,,,,
,,,,,,,,,,,,,,,,
,,,,,,,,,,,,,,,,
,,,,,,,,,,,,,,,,
,,,,,,,,,,,,,,,,
,,,,,,,,,,,,,,,,
,,,,,,,,,,,,,,,,
,,,,,,,,,,,,,,,,
,,,,,,,,,,,,,,,,
,,,,,,,,,,,,,,,,
,,,,,,,,,,,,,,,,
,,,,,,,,,,,,,,,,
,,,,,,,,,,,,,,,,
,,,,,,,,,,,,,,,,
,,,,,,,,,,,,,,,,
,,,,,,,,,,,,,,,,
,,,,,,,,,,,,,,,,
,,,,,,,,,,,,,,,,
,,,,,,,,,,,,,,,,
,,,,,,,,,,,,,,,,
,,,,,,,,,,,,,,,,
,,,,,,,,,,,,,,,,
,,,,,,,,,,,,,,,,
,,,,,,,,,,,,,,,,
,,,,,,,,,,,,,,,,
,,,,,,,,,,,,,,,,
,,,,,,,,,,,,,,,,
,,,,,,,,,,,,,,,,
,,,,,,,,,,,,,,,,
,,,,,,,,,,,,,,,,
,,,,,,,,,,,,,,,,
,,,,,,,,,,,,,,,,
,,,,,,,,,,,,,,,,
,,,,,,,,,,,,,,,,
,,,,,,,,,,,,,,,,
,,,,,,,,,,,,,,,,
,,,,,,,,,,,,,,,,
,,,,,,,,,,,,,,,,
,,,,,,,,,,,,,,,,
,,,,,,,,,,,,,,,,
,,,,,,,,,,,,,,,,
,,,,,,,,,,,,,,,,
,,,,,,,,,,,,,,,,
,,,,,,,,,,,,,,,,
,,,,,,,,,,,,,,,,
,,,,,,,,,,,,,,,,
,,,,,,,,,,,,,,,,
,,,,,,,,,,,,,,,,
,,,,,,,,,,,,,,,,
,,,,,,,,,,,,,,,,
,,,,,,,,,,,,,,,,
,,,,,,,,,,,,,,,,
,,,,,,,,,,,,,,,,
,,,,,,,,,,,,,,,,
,,,,,,,,,,,,,,,,
,,,,,,,,,,,,,,,,
,,,,,,,,,,,,,,,,
,,,,,,,,,,,,,,,,
,,,,,,,,,,,,,,,,
,,,,,,,,,,,,,,,,
,,,,,,,,,,,,,,,,
,,,,,,,,,,,,,,,,
,,,,,,,,,,,,,,,,
,,,,,,,,,,,,,,,,
,,,,,,,,,,,,,,,,
,,,,,,,,,,,,,,,,
,,,,,,,,,,,,,,,,
,,,,,,,,,,,,,,,,
,,,,,,,,,,,,,,,,
,,,,,,,,,,,,,,,,
,,,,,,,,,,,,,,,,
,,,,,,,,,,,,,,,,
,,,,,,,,,,,,,,,,
,,,,,,,,,,,,,,,,
,,,,,,,,,,,,,,,,
,,,,,,,,,,,,,,,,
,,,,,,,,,,,,,,,,
,,,,,,,,,,,,,,,,
,,,,,,,,,,,,,,,,
,,,,,,,,,,,,,,,,
,,,,,,,,,,,,,,,,
,,,,,,,,,,,,,,,,
,,,,,,,,,,,,,,,,
,,,,,,,,,,,,,,,,
,,,,,,,,,,,,,,,,
,,,,,,,,,,,,,,,,
,,,,,,,,,,,,,,,,
,,,,,,,,,,,,,,,,
,,,,,,,,,,,,,,,,
,,,,,,,,,,,,,,,,
,,,,,,,,,,,,,,,,
,,,,,,,,,,,,,,,,
,,,,,,,,,,,,,,,,
,,,,,,,,,,,,,,,,
,,,,,,,,,,,,,,,,
,,,,,,,,,,,,,,,,
,,,,,,,,,,,,,,,,
,,,,,,,,,,,,,,,,
,,,,,,,,,,,,,,,,
,,,,,,,,,,,,,,,,
,,,,,,,,,,,,,,,,
,,,,,,,,,,,,,,,,
,,,,,,,,,,,,,,,,
,,,,,,,,,,,,,,,,
,,,,,,,,,,,,,,,,
,,,,,,,,,,,,,,,,
,,,,,,,,,,,,,,,,
,,,,,,,,,,,,,,,,
,,,,,,,,,,,,,,,,
,,,,,,,,,,,,,,,,
,,,,,,,,,,,,,,,,
,,,,,,,,,,,,,,,,
,,,,,,,,,,,,,,,,
,,,,,,,,,,,,,,,,
,,,,,,,,,,,,,,,,
,,,,,,,,,,,,,,,,
,,,,,,,,,,,,,,,,
,,,,,,,,,,,,,,,,
,,,,,,,,,,,,,,,,
,,,,,,,,,,,,,,,,
,,,,,,,,,,,,,,,,
,,,,,,,,,,,,,,,,
,,,,,,,,,,,,,,,,
,,,,,,,,,,,,,,,,
,,,,,,,,,,,,,,,,
,,,,,,,,,,,,,,,,
,,,,,,,,,,,,,,,,
,,,,,,,,,,,,,,,,
,,,,,,,,,,,,,,,,
,,,,,,,,,,,,,,,,
,,,,,,,,,,,,,,,,
,,,,,,,,,,,,,,,,
,,,,,,,,,,,,,,,,
,,,,,,,,,,,,,,,,
,,,,,,,,,,,,,,,,
,,,,,,,,,,,,,,,,
,,,,,,,,,,,,,,,,
,,,,,,,,,,,,,,,,
,,,,,,,,,,,,,,,,
,,,,,,,,,,,,,,,,
,,,,,,,,,,,,,,,,
,,,,,,,,,,,,,,,,
,,,,,,,,,,,,,,,,
,,,,,,,,,,,,,,,,
,,,,,,,,,,,,,,,,
,,,,,,,,,,,,,,,,
,,,,,,,,,,,,,,,,
,,,,,,,,,,,,,,,,
,,,,,,,,,,,,,,,,
,,,,,,,,,,,,,,,,
,,,,,,,,,,,,,,,,
,,,,,,,,,,,,,,,,
,,,,,,,,,,,,,,,,
,,,,,,,,,,,,,,,,
,,,,,,,,,,,,,,,,
,,,,,,,,,,,,,,,,
,,,,,,,,,,,,,,,,
,,,,,,,,,,,,,,,,
,,,,,,,,,,,,,,,,
,,,,,,,,,,,,,,,,
,,,,,,,,,,,,,,,,
,,,,,,,,,,,,,,,,
,,,,,,,,,,,,,,,,
,,,,,,,,,,,,,,,,
,,,,,,,,,,,,,,,,
,,,,,,,,,,,,,,,,
,,,,,,,,,,,,,,,,
,,,,,,,,,,,,,,,,
,,,,,,,,,,,,,,,,
,,,,,,,,,,,,,,,,
,,,,,,,,,,,,,,,,
,,,,,,,,,,,,,,,,
,,,,,,,,,,,,,,,,
,,,,,,,,,,,,,,,,
,,,,,,,,,,,,,,,,
,,,,,,,,,,,,,,,,
,,,,,,,,,,,,,,,,
,,,,,,,,,,,,,,,,
,,,,,,,,,,,,,,,,
,,,,,,,,,,,,,,,,
,,,,,,,,,,,,,,,,
,,,,,,,,,,,,,,,,
,,,,,,,,,,,,,,,,
,,,,,,,,,,,,,,,,
,,,,,,,,,,,,,,,,
,,,,,,,,,,,,,,,,
,,,,,,,,,,,,,,,,
,,,,,,,,,,,,,,,,
,,,,,,,,,,,,,,,,
,,,,,,,,,,,,,,,,
,,,,,,,,,,,,,,,,
,,,,,,,,,,,,,,,,
,,,,,,,,,,,,,,,,
,,,,,,,,,,,,,,,,
,,,,,,,,,,,,,,,,
,,,,,,,,,,,,,,,,
,,,,,,,,,,,,,,,,
,,,,,,,,,,,,,,,,
,,,,,,,,,,,,,,,,
,,,,,,,,,,,,,,,,
,,,,,,,,,,,,,,,,
,,,,,,,,,,,,,,,,
,,,,,,,,,,,,,,,,
,,,,,,,,,,,,,,,,
,,,,,,,,,,,,,,,,
,,,,,,,,,,,,,,,,
,,,,,,,,,,,,,,,,
,,,,,,,,,,,,,,,,
,,,,,,,,,,,,,,,,
,,,,,,,,,,,,,,,,
,,,,,,,,,,,,,,,,
,,,,,,,,,,,,,,,,
,,,,,,,,,,,,,,,,
,,,,,,,,,,,,,,,,
,,,,,,,,,,,,,,,,
,,,,,,,,,,,,,,,,
,,,,,,,,,,,,,,,,
,,,,,,,,,,,,,,,,
,,,,,,,,,,,,,,,,
,,,,,,,,,,,,,,,,
,,,,,,,,,,,,,,,,
,,,,,,,,,,,,,,,,
,,,,,,,,,,,,,,,,
,,,,,,,,,,,,,,,,
,,,,,,,,,,,,,,,,
,,,,,,,,,,,,,,,,
,,,,,,,,,,,,,,,,
,,,,,,,,,,,,,,,,
,,,,,,,,,,,,,,,,
,,,,,,,,,,,,,,,,
,,,,,,,,,,,,,,,,
,,,,,,,,,,,,,,,,
,,,,,,,,,,,,,,,,
,,,,,,,,,,,,,,,,
,,,,,,,,,,,,,,,,
,,,,,,,,,,,,,,,,
,,,,,,,,,,,,,,,,
,,,,,,,,,,,,,,,,
,,,,,,,,,,,,,,,,
,,,,,,,,,,,,,,,,
,,,,,,,,,,,,,,,,
,,,,,,,,,,,,,,,,
,,,,,,,,,,,,,,,,
,,,,,,,,,,,,,,,,
,,,,,,,,,,,,,,,,
,,,,,,,,,,,,,,,,
,,,,,,,,,,,,,,,,
,,,,,,,,,,,,,,,,
,,,,,,,,,,,,,,,,
,,,,,,,,,,,,,,,,
,,,,,,,,,,,,,,,,
,,,,,,,,,,,,,,,,
,,,,,,,,,,,,,,,,
,,,,,,,,,,,,,,,,
,,,,,,,,,,,,,,,,
,,,,,,,,,,,,,,,,
,,,,,,,,,,,,,,,,
,,,,,,,,,,,,,,,,
,,,,,,,,,,,,,,,,
,,,,,,,,,,,,,,,,
,,,,,,,,,,,,,,,,
,,,,,,,,,,,,,,,,
,,,,,,,,,,,,,,,,
,,,,,,,,,,,,,,,,
,,,,,,,,,,,,,,,,
,,,,,,,,,,,,,,,,
,,,,,,,,,,,,,,,,
,,,,,,,,,,,,,,,,
,,,,,,,,,,,,,,,,
,,,,,,,,,,,,,,,,
,,,,,,,,,,,,,,,,
,,,,,,,,,,,,,,,,
,,,,,,,,,,,,,,,,
,,,,,,,,,,,,,,,,
,,,,,,,,,,,,,,,,
,,,,,,,,,,,,,,,,
,,,,,,,,,,,,,,,,
,,,,,,,,,,,,,,,,
,,,,,,,,,,,,,,,,
,,,,,,,,,,,,,,,,
,,,,,,,,,,,,,,,,
,,,,,,,,,,,,,,,,
,,,,,,,,,,,,,,,,
,,,,,,,,,,,,,,,,
,,,,,,,,,,,,,,,,
,,,,,,,,,,,,,,,,
,,,,,,,,,,,,,,,,
,,,,,,,,,,,,,,,,
,,,,,,,,,,,,,,,,
,,,,,,,,,,,,,,,,
,,,,,,,,,,,,,,,,
,,,,,,,,,,,,,,,,
,,,,,,,,,,,,,,,,
,,,,,,,,,,,,,,,,
,,,,,,,,,,,,,,,,
,,,,,,,,,,,,,,,,
,,,,,,,,,,,,,,,,
,,,,,,,,,,,,,,,,
,,,,,,,,,,,,,,,,
,,,,,,,,,,,,,,,,
,,,,,,,,,,,,,,,,
,,,,,,,,,,,,,,,,
,,,,,,,,,,,,,,,,
,,,,,,,,,,,,,,,,
,,,,,,,,,,,,,,,,
,,,,,,,,,,,,,,,,
,,,,,,,,,,,,,,,,
,,,,,,,,,,,,,,,,
,,,,,,,,,,,,,,,,
,,,,,,,,,,,,,,,,
,,,,,,,,,,,,,,,,
,,,,,,,,,,,,,,,,
,,,,,,,,,,,,,,,,
,,,,,,,,,,,,,,,,
,,,,,,,,,,,,,,,,
,,,,,,,,,,,,,,,,
,,,,,,,,,,,,,,,,
,,,,,,,,,,,,,,,,
,,,,,,,,,,,,,,,,
,,,,,,,,,,,,,,,,
,,,,,,,,,,,,,,,,
,,,,,,,,,,,,,,,,
,,,,,,,,,,,,,,,,
,,,,,,,,,,,,,,,,
,,,,,,,,,,,,,,,,
,,,,,,,,,,,,,,,,
,,,,,,,,,,,,,,,,
,,,,,,,,,,,,,,,,
